{
  "test/flpSandbox.html": 1716612419381,
  "test/integration/opaTests.qunit.js": 1716612419381,
  "test/integration/pages/SalesOrdersList.js": 1716612419381,
  "test/integration/pages/SalesOrdersObjectPage.js": 1716612419381,
  "test/integration/FirstJourney.js": 1716612419381,
  "test/testsuite.qunit.js": 1716612419381,
  "xs-app.json": 1716619252372,
  "manifest.json": 1716612419381,
  "Component.js": 1716612419381,
  "Component-dbg.js": 1716612419381,
  "Component.js.map": 1716619260306,
  "test/integration/pages/SalesOrdersList-dbg.js": 1716612419381,
  "test/integration/pages/SalesOrdersList.js.map": 1716619260302,
  "test/integration/pages/SalesOrdersObjectPage-dbg.js": 1716612419381,
  "test/integration/pages/SalesOrdersObjectPage.js.map": 1716619260301,
  "test/integration/FirstJourney-dbg.js": 1716612419381,
  "test/integration/FirstJourney.js.map": 1716619260307,
  "test/testsuite.qunit-dbg.js": 1716612419381,
  "test/testsuite.qunit.js.map": 1716619260305,
  "test/integration/opaTests.qunit-dbg.js": 1716612419381,
  "test/integration/opaTests.qunit.js.map": 1716619260307,
  "Component-preload.js": 1716619260426,
  "Component-preload.js.map": 1716619260426,
  "test/integration/opaTests.qunit.html": 1716612419381,
  "test/testsuite.qunit.html": 1716612419381,
  "i18n/i18n.properties": 1716612419381,
  "index.html": 1716612419381
}