{
  "test/testsuite.qunit.js.map": 1716611302040,
  "Component.js": 1716557500267,
  "test/integration/pages/SalesOrdersList.js": 1716557500623,
  "test/integration/opaTests.qunit.js": 1716557500583,
  "test/integration/FirstJourney.js": 1716557500675,
  "test/testsuite.qunit.js": 1716557500547,
  "xs-app.json": 1716611286083,
  "manifest.json": 1716557737354,
  "test/integration/pages/SalesOrdersObjectPage.js": 1716557500627,
  "test/integration/FirstJourney-dbg.js": 1716557500675,
  "test/integration/FirstJourney.js.map": 1716611302047,
  "test/integration/pages/SalesOrdersList-dbg.js": 1716557500623,
  "test/integration/pages/SalesOrdersList.js.map": 1716611302034,
  "test/integration/opaTests.qunit-dbg.js": 1716557500583,
  "test/integration/opaTests.qunit.js.map": 1716611302035,
  "Component-dbg.js": 1716557500267,
  "Component.js.map": 1716611302034,
  "test/testsuite.qunit-dbg.js": 1716557500547,
  "i18n/i18n.properties": 1716557511075,
  "test/integration/pages/SalesOrdersObjectPage-dbg.js": 1716557500627,
  "test/integration/pages/SalesOrdersObjectPage.js.map": 1716611302037,
  "Component-preload.js": 1716611302156,
  "Component-preload.js.map": 1716611302156,
  "test/integration/opaTests.qunit.html": 1716557500579,
  "test/testsuite.qunit.html": 1716557500499,
  "test/flpSandbox.html": 1716557500499,
  "index.html": 1716557500283
}