{
  "test/integration/pages/SalesOrdersObjectPage-dbg.js": 1716639656442,
  "manifest.json": 1716639656442,
  "test/integration/pages/SalesOrdersList.js": 1716639656442,
  "test/integration/opaTests.qunit.js": 1716639656442,
  "test/integration/FirstJourney.js": 1716639656442,
  "test/testsuite.qunit.js": 1716639656442,
  "xs-app.json": 1716640355138,
  "test/integration/pages/SalesOrdersObjectPage.js": 1716639656442,
  "Component.js": 1716639656442,
  "Component-dbg.js": 1716639656442,
  "Component.js.map": 1716640365595,
  "test/integration/opaTests.qunit-dbg.js": 1716639656442,
  "test/integration/opaTests.qunit.js.map": 1716640365596,
  "test/integration/FirstJourney-dbg.js": 1716639656442,
  "test/integration/FirstJourney.js.map": 1716640365599,
  "test/testsuite.qunit-dbg.js": 1716639656442,
  "test/testsuite.qunit.js.map": 1716640365593,
  "i18n/i18n.properties": 1716639656442,
  "test/integration/pages/SalesOrdersObjectPage.js.map": 1716640365597,
  "test/integration/pages/SalesOrdersList-dbg.js": 1716639656442,
  "test/integration/pages/SalesOrdersList.js.map": 1716640365599,
  "Component-preload.js": 1716640365725,
  "Component-preload.js.map": 1716640365725,
  "test/integration/opaTests.qunit.html": 1716639656442,
  "test/testsuite.qunit.html": 1716639656442,
  "test/flpSandbox.html": 1716639656442,
  "index.html": 1716639656442
}